target,99,92,51,58,41
-33.649386515666805,-0.2057681936166742,-0.6922757543011425,0.280739367067794,-0.4250274769726624,0.4679333387939637
120.20149326572698,0.3515473761554009,0.3839289556002164,0.3191657967105853,-0.8939689350461704,-0.4548708924332333
-141.70870446574003,-0.7166214435069549,-1.1249812265425416,-0.3082616604713682,-0.6369202323226346,1.5631193334442164
-184.0956356333095,-0.9586531446893164,-0.8870200244160663,-1.0302862649625668,-0.0333744627047289,1.2366387867493425
246.1794677299225,0.8338916290462696,2.4917336381838777,-0.8239503800913386,0.5158552476696079,1.462610903017811
107.90156224233826,-0.0682876786386246,-0.0217727165035104,-0.1148026407737389,-0.1125098356985848,0.3707064954571861
237.0200005021808,1.357880558675225,-0.5599322058275421,3.275693323177992,0.0773174750588326,0.3411226621318771
-148.16773420229754,0.3644898887541969,0.0284814504295017,0.7004983270788921,-0.9459770132244608,-0.0208348026989767
13.381016956977032,-0.2558770381666685,0.6689579665540563,-1.1807120428873934,0.6233605153036769,0.508237672807416
-107.4416780319271,-0.1466202905565905,-0.7747943671069722,0.4815537859937912,-0.5996356699030252,-0.8659328797890619
-151.88532026036415,0.4993423762343124,0.5764291047343478,0.4222556477342771,-1.290400159096638,-0.28500441809535
119.99122457463876,0.2685497976241145,0.2091664480249558,0.3279331472232732,1.0313709519968135,0.027782955893848
-83.20992789836853,-0.077326442351982,1.2292133951136988,-1.3838662798176629,-1.4641835614607557,-0.3994142762716403
-221.47646718443056,-0.0288139618547361,-0.1987273117838279,0.1410993880743556,-1.0139557095692595,-1.2626775697662849
231.1363263841752,1.0918397361313796,0.5732367967961582,1.6104426754666008,1.3454196892490478,0.5500852992733263
178.36821921174538,1.1412688087652896,0.3003375616189543,1.982200055911625,0.0291261646456472,0.0673032143849604
29.044888778996484,-0.1436807115351419,0.1967338678554825,-0.4840952909257664,-0.0144844906113986,-0.0860974733188736
-41.34984145701293,0.063640295544061,-0.2794770461995786,0.4067576372877007,0.3198515789077544,0.0406625681983904
146.4465679002705,0.4225827688398072,-0.2070813784389097,1.0522469161185242,1.201979418913263,0.9790217275062408
-238.5377264489963,-0.696774089586097,-1.535666045516908,0.1421178663447139,1.450976748414628,-1.572417589751668
63.65830535648664,0.5068825676842658,1.2760965575056489,-0.2623314221371173,-0.9817243622937414,0.2324899810279496
201.73640685407943,0.9811798766613332,1.7540235552332024,0.2083361980894638,1.0117655056515682,-0.7437136144993574
-411.0311495794329,-0.8948781251808228,-1.4588792732016882,-0.3308769771599574,-0.2789589212104013,-1.3611696475176784
-206.18748105581125,-0.4486827865025904,-0.5316399460043728,-0.3657256270008081,0.1014400990523634,-0.5764431585268167
-77.2866556759277,-0.254325462153167,-0.3470530487512158,-0.1615978755551183,0.7893480982808772,-0.0765435470366446
-153.5904169169131,-0.9928093907327772,-0.2726981276511097,-1.7129206538144448,-0.017792090215715,0.5810795180982288
217.1897896633524,0.6333447529134679,-0.0807396135500414,1.3474291193769772,0.0975389955199564,0.6088372193051501
-82.37118900408277,0.6178515833998487,1.255387416483257,-0.0196842496835596,-0.9620096556989892,-0.4097708976844307
-44.33469648210613,-0.897520564004658,-1.1981464198075835,-0.5968947082017325,1.682655843560409,-0.5499046265802963
-208.97091605850565,-1.188908016776678,-1.717026213905944,-0.6607898196474118,2.523561276763709,-0.8874159090146237
-41.91461143998166,0.0388856816621192,0.4523186621247565,-0.374547298800518,-0.4175721453153263,0.0280370997161632
16.30532307260158,-0.1300992231132875,0.0018039783358714,-0.2620024245624465,0.4270130350294141,0.1028851210530798
-38.332400421118784,-0.293034507683144,-0.663262438659452,0.077193423293164,0.7607431839677492,0.2931850925063237
197.680967920723,1.193145484320604,1.5424732010819455,0.8438177675592624,-1.0855148049876753,0.9634280967363856
62.358330049986286,0.1823643992661123,-0.3344074825109134,0.6991362810431381,-0.3437681829082584,0.8049324507127591
-69.06179592782665,-0.4268025729627952,-1.7842545017595697,0.9306493558339792,1.4249339230342102,0.4051616939103189
-167.40779949478275,-0.3466567896716787,-0.186015213547274,-0.5072983657960835,-0.4692375035698281,0.243092923999739
75.32231609482201,-0.0063530949423548,1.1151814703324192,-1.1278876602171288,-0.2901272851438994,1.026711284798384
66.68987315803841,1.4402550426378955,0.8203026031467345,2.0602074821290564,-1.1796941514419683,0.7784381940777398
-1.661985753294866,-0.0570369600683608,-0.0214511852370146,-0.0926227348997071,1.441328683672931,-2.140987574754264
123.64213142611992,0.0154838075882746,-0.2814910757812471,0.3124586909577964,0.0582552137208083,0.9289764609234776
-23.05635307745718,0.023094761336097,0.1670152593858543,-0.1208257367136601,0.7738833325227362,-0.0675542519082205
-31.940487233732267,-0.1457700391842613,1.093183244868774,-1.3847233232372966,0.5597570354419669,-0.0752951082558609
-231.2153290700753,-0.5960611324016623,-0.8943823125763145,-0.29773995222701,0.2579595007153189,-1.609122417373687
267.3403526346612,1.0251828616619996,1.3007940399673794,0.7495716833566198,-0.301140111801597,1.7986880681768245
-12.299299099838816,-0.2857963048809135,0.496893091905673,-1.0684857016675,-0.3034219758109085,0.304092129922605
-309.8875823958745,-0.8919866327487957,-1.4734137765593984,-0.3105594889381932,-0.9478982496428594,0.5081365624036001
155.10419505393196,0.4934407331281399,1.8220421888914624,-0.8351607226351825,0.1285351730261844,1.5757737536306569
44.69665528461284,-0.1220120492528001,-1.7980500048742192,1.5540259063686188,0.0185406504153652,1.438100662038531
410.1614860286978,2.1459866323560144,1.7679779366378927,2.523995328074136,1.66631284981091,-0.118273035346818
20.695858716879023,1.365814235415196,0.8867169382487545,1.8449115325816376,-0.9947962650072903,-1.2918035033321282
5.221382044801004,0.1006894425563326,0.6829770890571363,-0.4815982039444709,-1.22192273155292,0.3348562733158826
456.48577011108506,1.0665411648345506,1.3921963585304746,0.7408859711386265,0.990009245113288,2.4672068694018314
-164.5738769728144,-0.8413821485279926,-0.5655414241827101,-1.1172228728732752,0.3435056661096397,-1.121491072613173
-215.16624313764623,-1.4014851412266869,-2.657047712847914,-0.1459225696054594,1.310880810257628,-0.7629504271979604
25.85224570717377,-0.2385411666167225,-0.4509921051800152,-0.0260902280534298,0.5923768250523226,-0.4296379093198
-1.1011894702963558,-0.1995918971442071,1.0807255803027245,-1.4799093745911387,-0.9293455554335364,0.3357410841794041
-137.97029274291432,-0.0771631632528683,1.4195421961515564,-1.573868522657293,-0.5231082430103914,-1.5528141208584427
-1.413115028903049,-0.0292338080253567,0.3085606527160133,-0.3670282687667268,-0.3314976476405682,-0.1926511799715877
24.25389159858734,-1.167851921979646,-0.1321611506016783,-2.2035426933576137,0.9565690488765892,2.194580638150095
56.042986160736326,0.6396307804858613,0.3588298077905488,0.9204317531811738,-0.530020157717533,-0.7971432220160327
166.42330617015114,0.9270052250851664,1.0133479480651455,0.8406625021051874,-1.3841458241931686,1.1994590849363649
161.49104974672886,0.342474021399464,-0.1903960591842395,0.8753441019831675,1.3319862194894088,0.6477001901102821
-52.8688600023942,0.1459036621624093,-0.7311906389194185,1.0229979632442372,0.811834597920342,-0.8204704544898106
-104.68317323766324,-0.2660605822717579,0.1874260109334945,-0.7195471754770104,-2.1066773086028205,0.2887845261731306
-373.6325968541701,-0.6176612092825977,0.2770820938160136,-1.512404512381209,-1.9059171485042128,-1.9808177518801025
-54.51608469171008,0.0485051691428742,-0.0645075985750613,0.1615179368608099,-0.9610884226930893,0.041577157802555
223.7163004335557,0.6058609632867918,1.2170146776373505,-0.0052927510637669,0.2765868188989526,0.1177041048614914
84.47338630130648,0.5002473832680803,-0.4228402680877383,1.4233350346238989,-0.9333192949608324,0.2646945195806028
-92.63698700530568,-0.4352678202576386,-0.691811978350651,-0.1787236621646263,-1.6066754077729817,0.9443905332819656
181.74920633069445,0.7445466923160647,0.4595009187131005,1.029592465919029,0.1708886505397491,-0.634333439483477
95.59364070058986,0.5241448072370405,0.3708581688201476,0.6774314456539334,-1.4060989924191902,1.1093625369726114
-69.46054974767429,0.1684712393617771,0.3051583893698971,0.0317840893536571,-0.0069044967131965,-1.0129923017925109
-21.29315458209373,-0.0929608407346332,1.046229636269936,-1.2321513177392025,-1.89061747412392,0.3064036914128818
108.87849554314204,0.379860085104046,-0.0795443118411454,0.8392644820492374,0.2913360367634098,-0.5033391571284412
-73.51775411182207,-0.2813282473614359,-0.4240455094101577,-0.1386109853127142,-1.9464797454044904,0.2375431325655589
76.45563682985052,0.5133912453426929,-0.4246606785910141,1.4514431692763998,-1.429800690161598,0.3934773587921298
-68.42568192420222,-0.5394147049273519,-1.7911649495429671,0.7123355396882634,-0.3021710006617935,0.2826322799979839
264.59759209259306,0.7330501144628239,-0.5951222523970489,2.0612224813226967,0.272565795398029,1.9606410391791256
3.4213725324893267,-1.099589851366737,-0.4395252477603171,-1.759654454973157,1.0474185428052594,0.3447477596861097
-354.35541821049594,-1.3098925423726104,-0.4672257731381041,-2.1525593116071167,-0.2062025975537632,-0.1841911915479073
-96.12440734316742,-0.2398858885991056,0.0132048214067283,-0.4929765986049395,0.7397057796159329,-1.0235090936283986
177.05846808331555,1.350764402200745,1.844845340583465,0.8566834638180247,0.1264555955871712,-0.0190678282963211
34.696259962094906,1.3599041687539108,0.1913110629294299,2.528497274578392,-0.0243831767323044,-0.5916134204836123
38.11057461132616,0.6605426596153792,0.0585497997865439,1.2625355194442145,0.0837905717986574,-0.1480922270523872
188.33772254102124,0.3239204192042455,1.0420612137438616,-0.3942203753353706,0.6746764393350014,1.2590509739700162
-135.8829423917303,0.1330391130814114,1.0137333197872285,-0.7476550936244055,-0.9239935544010016,-0.7603143380772454
174.99449315916658,-0.1881242621846292,-0.3933881207815857,0.0171395964123272,1.0973730644691473,-0.2889450062939561
-114.74789830362704,-0.1291773452944581,0.6155922625420246,-0.873946953130941,-1.7493347871912113,-1.499440568717876
88.56236947741984,0.41764443910501,-0.0899357199395875,0.9252245981496074,0.3983742648507611,0.1745873615092523
243.03230436309616,0.8528390420467847,0.6262697906418986,1.0794082934516709,-0.3146399309349502,0.8991110496667509
154.5248777735247,0.478147978700786,0.4467209942058142,0.5095749631957579,0.1034462962580364,-0.0764443923409689
-317.6167203720277,-1.67467524521942,-1.205599464211299,-2.143751026227541,0.2951640580218193,-0.4470612630200592
-50.93379417495696,-0.5265377005031898,0.2922619159426501,-1.3453373169490297,0.7164947470058709,-0.3335501166479649
-56.06196585827404,-0.1731630788136068,-1.2152451253528522,0.8689189677256386,0.6149563613609819,-1.1249517728414835
32.12854371072092,0.4921680826114873,0.408795503741605,0.5755406614813697,-0.3342294623642641,0.6139708567917816
-40.050002531347,-0.0533280890814686,0.3720543806511295,-0.4787105588140669,-0.5269821398910717,0.7194604243658079
34.71631867041213,-0.3905240521728135,-0.9853959555914552,0.2043478512458282,0.4163601410672233,-0.9822050764423323
93.94671608237672,0.0230456695964132,0.3982952930613277,-0.3522039538685013,0.2797830231928025,-0.6207102156488916
299.27367482827265,1.1860944489878378,2.2202631590194675,0.1519257389562082,-0.3403638635629174,0.3573274769606285
183.40036067605328,1.4894031404783346,2.095905821194784,0.882900459761885,-0.0481545694011802,-0.0960696494816475
-287.3045360233896,-1.135427632166775,-1.875570682782516,-0.3952845815510337,-1.2363002302666124,-1.0101833194901113
145.0806748765721,0.7681981387802016,-0.0448607821692532,1.5812570597296565,0.8532602462318669,-0.1099739430179819
145.13537009454674,-0.1565138680034519,-0.8449303635278177,0.5319026275209138,0.8044781052763536,-0.613112999571217
-2.506585217088156,0.1797662979089793,-0.8070414896834577,1.1665740855014164,-0.0840552964036184,0.4226965473881982
130.93369531724244,0.6359884762428276,1.5629200493622082,-0.290943096876553,-1.179443604809745,0.676773326918666
-62.21350909331499,0.0057410559047271,-0.873150106163782,0.8846322179732362,-1.0871772676398277,0.0867346728375449
53.50208426115689,-0.7929067493225013,-0.2400477288076604,-1.3457657698373422,-0.383061509423104,2.4091617861421075
-115.02861398032329,-1.7029589109136134,-2.0338099339842874,-1.3721078878429394,1.3157667054326625,2.1120261524434336
163.41792458375838,0.6229064300539511,0.9610484835249308,0.2847643765829715,1.0203930054961827,0.271005069143116
-59.33724510489727,-0.042672099625132,0.4013044872590743,-0.4866486865093384,-0.0184137274509815,-1.553458176932527
139.64552657698584,-0.073177258033347,-1.3116727307693072,1.165318214702613,-0.2591503354584182,1.4664930002368586
178.0846706337913,0.0646714175264428,0.4474107384644306,-0.3180679034115449,1.032359641606576,0.5596725340296382
-47.14159431723956,-0.4935713238641887,0.0844712030352633,-1.0716138507636408,-0.2255621727595129,0.1664928596833541
-148.5403981704943,-0.0485456429158397,1.1495026754265316,-1.246593961258211,-0.3395170635804412,-0.6797272458339007
-191.3500104794116,-0.6305330084287919,0.5089145939455586,-1.7699806108031424,-0.0950419174114269,-0.8249700391090901
45.920735564692464,0.0419874751460734,-0.0507453055690462,0.1347202558611931,-0.6993290200584814,1.2608939600468574
306.66385792014364,1.2674913540906465,0.0766590269286362,2.458323681252657,0.1414298894895128,1.711725944450733
-178.0274142471309,-1.1007589256796613,0.3082340117685995,-2.509751863127922,-0.7771517378167204,0.1340520140207674
-34.5992567581907,-0.2077192001695076,-0.244227534950646,-0.1712108653883692,0.0187688908073761,-0.6908921797411693
-30.003248518245925,-0.2456601694084332,-0.327393160685702,-0.1639271781311644,0.3421258977694764,0.0902687044651403
-99.6832234604368,-0.2888746884741484,0.0274603157594421,-0.6052096927077388,0.0357374170793806,-0.5797782742336383
-59.51007497951127,-0.9367716678412988,-2.769260892810969,0.8957175571283716,0.8064191778780327,1.9371656034366065
-28.27132549991751,-0.3702877127319967,-0.709833648612453,-0.0307417768515404,-0.3338288657633564,2.2436024467641724
-287.2080379306892,-0.7103356024340044,-2.457689157656558,1.037017952788549,0.475552325715283,-0.6057474170673682
37.74945518871581,0.5557033430323812,0.5690284329197982,0.5423782531449641,-0.6484409320032898,1.0036125877874291
308.2492022916402,0.7294652625750034,1.4640784302748082,-0.0051479051248014,2.436019009453596,0.0155612032282503
189.49335273396568,0.8069072129586552,1.1403760516795034,0.4734383742378069,-0.1237862492650297,0.4770279174874074
60.005810674940406,0.2168046628751674,0.1434575019457064,0.2901518238046284,1.1902788509609383,-1.2769606866649674
147.27790968811087,0.6247567876317485,1.2957279816120166,-0.0462144063485197,0.111144061386114,0.4289294559610384
0.7685803535105141,-0.4037283750308358,0.2025666407592246,-1.0100233908208962,0.5162401658213773,1.0132205121154327
1.417815574594345,-0.1031096851128147,-0.0181804336169442,-0.1880389366086853,-0.2842476327699429,0.3819355429472512
-210.046156170455,-0.9331762200223586,-2.290986407091617,0.4246339670468999,0.6657986834478941,-0.168342300384715
-53.377784136998855,-0.2659852273730628,-0.3022009394569893,-0.2297695152891364,0.4659347413418764,-0.3620792022825639
96.65245248678195,0.1241100399311416,1.0182960478458554,-0.770075967983572,1.0008530888891434,-0.4428500368138103
60.338104334861335,0.4577596805838719,0.4667706119502319,0.448748749217512,-0.5641544494121928,-0.1733858215268108
-125.30695257491335,0.3639693933629201,1.1000761802180978,-0.3721373934922575,-1.183845372710458,-1.98719944870708
158.18915502791614,0.4978442761323965,1.1521507797168078,-0.1564622274520147,-0.0883960159020245,1.4395565890060644
133.27402168262248,0.1658982898120979,0.4652606505514263,-0.1334640709272303,1.6659661525394145,-0.3384408591492079
-191.6944913262849,-1.027456608721388,-0.4866462338243795,-1.5682669836183964,0.0686526000969967,-0.407067689435203
37.700085881586105,0.6190243821206963,-0.3963020431949626,1.6343508074363553,0.5646048669598318,-0.0598427474545174
-140.76319378537917,-0.301389683616578,-0.6757363722940833,0.0729570050609274,-0.513348313765029,-0.4430990460458258
-68.1974422372266,-1.129934033723409,-1.1385361137876868,-1.121331953659131,0.7485147507221308,1.8947511499499847
199.20251271185225,0.8313235615860285,-1.01744504569702,2.680092168869077,0.9403634822328236,-0.6031516031442213
36.49628107541672,0.0047500024976208,0.1889041524018143,-0.1794041474065725,-0.6910200784312505,0.7633907303734808
65.28921467786917,-0.4761715719066648,-0.6287095698392325,-0.3236335739740972,1.07702725342978,0.5363250444444174
4.2904818828582725,0.5599801685880162,-0.252144517954867,1.3721048551308994,-0.6083555774169288,-1.402833840943647
279.4523330703074,0.5478752176230676,1.0561780701844423,0.0395723650616928,1.479725628398498,1.0667153139254637
-159.16207570381428,-1.1780200380819346,-0.7314932584787288,-1.62454681768514,0.4330945882292127,0.3961511076170331
-73.68372279242267,-0.7065955407066984,-0.2013994243570244,-1.2117916570563725,0.8472185511821293,-0.0422706178295343
-126.52132562165777,-0.3618650213901003,0.1674340721313207,-0.8911641149115213,0.6187087211298968,0.8752399089757902
221.18004301971,0.5175929159939818,-0.4153564836418885,1.450542315629852,0.8747943882394416,0.9523036490030488
49.037502568416,0.2066427936532695,-0.464390958651268,0.8776765459578071,-1.0215642668047789,0.3738238058845789
121.23367145102851,0.510299093391928,0.9820471848417448,0.0385510019421112,0.0143232788908029,0.2903008079623645
-38.96413606515041,0.6776468970168609,0.1002271197111739,1.2550666743225478,-1.9667952618609967,0.072850704604518
-121.946346376829,0.5311744417884634,1.5785535227378855,-0.5162046391609588,-2.856678957835354,-1.5023759951476272
-8.014412571983826,0.6101275500991751,0.3023441860481858,0.9179109141501643,-2.116241947640081,-0.0129003787428054
-153.00829691910823,0.2053509427972254,0.3948883796202689,0.015813505974182,0.3597343987523006,-1.18690488919294
218.20630192801,0.9107782533423552,1.0404830695888758,0.7810734370958345,0.2830611745250133,0.1843127789214652
-168.29659424336447,-0.4991997867607899,-1.673169823739444,0.674770250217864,-0.6189963002878603,-0.4258310028835647
190.21089371361592,0.7571490765195701,0.6542060446413851,0.860092108397755,0.4788729948037363,-0.0214928852123983
336.34442871045314,1.5408819841884194,1.0897481504882145,1.992015817888624,-0.274202416507614,-0.6028871073424322
201.69268380638024,0.8730552890814356,1.4265885052074274,0.3195220729554438,0.9344297301891974,0.1376400882225014
68.08662395706759,-0.0401051760769467,-0.2367542711121865,0.156543918958293,1.122484529459118,-0.9712556414839592
17.452450163521313,-0.5686714407143368,-1.54942947024622,0.4120865888175463,0.3942368290646424,0.837350116543919
326.64578174900834,0.9904099344225488,0.709602213840022,1.2712176550050758,-0.1449619074391627,0.7151796451312363
267.9929166158128,1.2680128747584094,1.453925337486771,1.082100412030048,0.1891703242602062,0.5795674189114225
121.68131979822964,0.983543740728045,0.4413131770151544,1.5257743044409355,-0.3131305962468834,-0.0327050569098534
-65.6680223087738,-0.5192301178093095,-0.3950472055448382,-0.6434130300737809,1.173466409234144,-0.076606590704813
-89.58511071429987,0.2690338950841575,1.040825168273662,-0.5027573781053469,0.3387049614182069,-2.582522922460419
-58.388048584195246,0.0801696537155188,-0.5431420214901732,0.703481328921211,-1.208715632388473,-0.2269524469442711
323.53816709947534,1.24132518188116,1.700841095715624,0.7818092680466959,-0.6430379029575158,1.0682301802821217
-150.40227961315864,-0.4923702299354786,-0.6358948036888362,-0.3488456561821211,-0.3479193377973899,-0.6014333740416211
232.84433282863395,0.0744788887328335,0.4214864270058891,-0.272528649540222,1.3817718476282472,0.747052749070493
-83.27772980682704,-0.1586496961404452,-1.1420443670152385,0.824744974734348,-0.4519253579839589,0.0679685420184123
-23.54111724059944,0.3959746427996395,0.6923953989710654,0.0995538866282138,-1.054751674768944,0.2748895582276636
-204.86244715903908,-0.3674295955059302,-0.3189995998751284,-0.415859591136732,-2.2356842198121702,0.2821341438751104
-46.4935709600194,0.4736447611320626,1.3976209937702504,-0.4503314715061251,-0.2008753112889608,-1.7961617604073696
107.60839542916312,0.2576321382981123,0.8454709194835138,-0.3302066428872892,1.113877594295145,-0.4275867464577551
157.02334892884917,0.4336580256537,-0.0028806495883636,0.8701967008957637,-0.3805304937542668,-0.6574914247685458
132.79411959504952,0.7076152804878986,0.0719766435512071,1.34325391742459,-1.0920073959810068,0.4806405363135722
-135.7145902182718,-0.8340060126029327,0.5563937777021839,-2.2244058029080493,-0.2095524527440488,0.9245126670892188
2.32673318789799,-0.1084347363012015,-0.0669411645115317,-0.1499283080908714,0.2240715915249225,-0.989105198943202
-275.07500216293914,-0.136291117554802,0.928005871290793,-1.2005881064003971,-1.0639527618493487,-1.1148346679746628
-296.8139293450023,-0.8212249008033575,-0.1421080022812855,-1.5003417993254295,-0.0107697500783732,-1.640750200622355
117.25876437319636,0.7032507718534459,1.596997070618709,-0.1904955269118174,-0.9285198297585184,1.0834916883153396
54.44603967620214,-0.1937801576050097,1.1457448705503777,-1.5333051857603972,-1.5591573213374614,1.2834440015436517
-306.0408721555578,-0.8735588753386048,-1.7799807575924298,0.0328630069152203,-0.3290495304482047,-0.93147026985392
-70.58618399504118,-0.3276498132372947,0.0941540608737409,-0.7494536873483304,0.3934776064617405,-1.1576677893961038
13.294148587541212,0.2039782606072271,0.9945608093129292,-0.586604288098475,-0.1684853775124523,0.0621916520440566
261.3613648465187,0.6773837003044809,0.6667215749370934,0.6880458256718684,1.7480720385832718,0.34922903774677
-40.99624129655784,-0.7081012781377266,-1.431976223162052,0.0157736668865989,-0.3883733590879589,2.540624408908549
43.87926749715727,0.4512443946747879,-0.5968882342122473,1.4993770235618231,1.0295049338209885,-0.5900850133456175
103.1303278329373,1.4069519915141593,1.4859821559371202,1.3279218270911983,-0.7148934529681357,-1.0880132664460849
-19.559213189654244,0.012656680375707,-0.0926109108212965,0.1179242715727105,-0.5679706293724369,0.8568626853778807
-148.75555313100477,-0.3538623043482612,-1.3077534981759902,0.6000288894794678,-0.2642253360317054,-1.0350019491823306
-347.0864995028746,-0.7438253326103563,-1.8152679580669475,0.3276172928462349,-1.6360110686064104,-1.5979453636910437
-4.647227604888329,0.5764039121834375,0.4836546780632836,0.6691531463035912,-0.4730239785821918,-1.2364966129146633
-254.2649643003484,-1.262165727580768,-1.844180832301624,-0.6801506228599122,0.2750184303928645,0.3960900982878448
66.70457563589333,0.0239082923170633,-0.519026519446588,0.5668431040807146,-0.6814775160148238,0.4364595292476397
-47.50433688260579,0.3508929343944967,-0.7006277218669664,1.4024135906559598,-0.2544090184325683,0.0008727838333631
-71.17205210029259,-1.3177358409501572,-1.575633647564078,-1.0598380343362364,0.9001368303849391,1.6071320857432825
128.33511673985817,0.3439977482812056,-0.2611942558204984,0.9491897523829096,-0.2821918839578617,0.1161066218935942
-70.7610315121145,-0.3759268089842817,-0.1112561588711865,-0.640597459097377,-0.5538339146027045,0.1706578580764538
-49.28796924431507,-0.4580768395976619,-0.6758085033000337,-0.24034517589529,0.3382931238234197,0.6699247778623375
153.1270894832673,0.6351567680310535,0.5593941067965985,0.7109194292655084,0.7834056100158459,1.2845205779870157
-112.40093530149086,-0.1518790929328125,-1.2953401524387451,0.99158196657312,0.9531296486344102,0.0281281775492389
6.354232245010638,-0.4064286176507798,-0.6600648515162996,-0.1527923837852601,1.980725530189303,0.8312582050107086
-193.3665707024154,-0.4192373429808246,-1.9434956741288456,1.1050209881671964,0.4447426915280266,-1.4660551515233926
-95.96551290239452,-0.2895985559479818,-0.6725727796286567,0.0933756677326931,-0.4759554148748873,-1.566539536273789
-208.97411045452995,0.2271440795749776,-0.1628106793989066,0.6170988385488618,-2.404756649391367,-1.302004753689533
90.45909119302696,0.4712377020698698,2.360360091730701,-1.4178846875909612,-0.5768295530753547,0.6536086844204227
203.26857419277624,0.4805229148965515,0.689339369848464,0.2717064599446391,0.8866174519758101,0.9591655857642232
113.51675935042697,0.8954965753362485,-0.0802905532647306,1.871283703937228,0.3403457906308548,-0.748744298859523
159.64361785816942,0.3972185397739605,0.1462077488766192,0.6482293306713017,-0.5061686154964757,2.048446697328611
-258.8004618797405,-0.7981141960391264,-1.4301766891957632,-0.1660517028824894,1.1875460803947009,-1.0445017751264407
-175.87351286528553,-0.8208987816083622,-0.5038410039491261,-1.1379565592675982,1.584529306969612,-0.4463463687213815
24.05364736769224,0.623613474324181,0.5985317518643248,0.6486951967840373,0.2537628996785226,-1.0157894956529292
156.06986523137184,0.3894233271191593,1.7350960301799516,-0.956249375941633,-0.4630349852777949,2.3230384393772305
-167.37689045901448,-0.2247274289619789,-0.8622167346454308,0.412761876721473,-1.5526773108274272,-1.4567928098665246
43.30726539984034,0.1901458351774743,-0.7334513897570291,1.1137430601119778,0.6579021172178351,0.3374691978664901
-131.89999177958845,0.6479432810408687,1.0151546710961008,0.2807318909856368,-1.6748991703860774,-1.7412409408594736
-79.66747772211866,-0.3670355284720031,0.8387283555181386,-1.572799412462145,0.0703363152750947,-0.2542116876216719
311.05962578802524,1.6937809159662285,2.507798720061756,0.879763111870701,0.753772252025586,-0.6248428698900662
-117.76922056181684,-0.2349248396138693,-0.3520035433301733,-0.1178461358975654,0.1184681570565061,-1.2312959412331208
58.85463540252255,-0.3150016014424676,0.8497835888048124,-1.4797867916897476,0.0676350779752015,1.1745020025010884
-162.96121216215738,-0.6437221694341712,0.1564098673184207,-1.443854206186763,-2.5832494312105174,-0.4033585091717505
-169.93123688981052,-0.1682798879205953,0.3185737095680456,-0.6551334854092362,-0.1643599259956401,-0.8390565382481507
19.83394424816333,0.2321043067009312,0.7760922948651605,-0.311883681463298,0.4490701694011016,-0.2309197135659882
-284.12070680576284,-0.8218078491143579,-0.9959089311068652,-0.6477067671218505,-1.584577235112124,-0.41830152002691
-27.1383940906516,0.1178475234986274,-0.8145414861410544,1.0502365331383092,-1.3152897914659378,-0.1904069000304622
-100.7747220236739,-0.2254494583980203,0.302721208512012,-0.7536201253080527,-2.207761013669206,0.90737570219594
234.038039581103,0.3738475630118157,0.3611264466373998,0.3865686793862317,0.5140765353895295,1.515114660868962
68.8155456465215,0.1928980621431489,0.90284679790322,-0.517050673616922,0.8631926894299217,0.1125533985774381
20.274132815559792,-0.3795801026998467,0.6372979003620817,-1.396458105761775,0.7807504303406324,0.7964602937170164
58.99207629794447,-0.4528698199915736,-0.7959757526228267,-0.1097638873603206,0.5804176390240675,0.6305462320844899
-193.15934996354832,-0.2007910396280046,-1.5632186319383237,1.1616365526823145,-0.0940378290238879,-1.2299186704232363
-81.3313425659711,-0.3497552233991265,0.0201092608787535,-0.7196197076770067,-1.1093242441041826,-0.2076014343951125
-147.03596183447428,-1.0330343131846689,-1.121346296713989,-0.944722329655348,1.0462477856749943,-0.631908622636492
74.66833092751197,0.6189346555903266,0.483839463298101,0.754029847882552,0.3985922572531155,-1.1426845778162436
-105.62903879185916,-0.1207548462160391,-0.0354998919251487,-0.2060098005069296,-0.6423988727316683,-0.9906649689367816
364.3046647516611,1.633112783301894,1.6335274363465766,1.6326981302572114,0.1216708693382778,1.2484605619004874
-87.23391473836934,-0.5162272367906979,-0.2383665695309723,-0.7940879040504236,0.5858307388311993,-1.1570295798169477
177.8119787143441,0.287771177449744,-0.3615043371884041,0.9370466920878922,1.0122136014204028,0.92482098785124
199.5060848482177,0.8396904672038525,0.468604153831469,1.2107767805762362,0.5146626185909019,-0.7651496964667466
-99.68060665887197,-0.4688263048353889,-0.2767976496841507,-0.660854959986627,-0.5279285311387076,0.347540006864489
-86.81565231847068,-0.6546076889363314,-1.2664555924485985,-0.0427597854240643,-0.2483204815397623,-0.1327589535706084
273.2084549416861,0.9395078412274708,1.1099158879664872,0.769099794488454,1.7640034131871014,0.7577279905618568
-320.5795405566957,-0.7605770905987944,-1.8764503701706,0.355296188973011,-0.4900265047772363,-1.73367081514264
-64.49928158136208,0.5714342860803787,-1.1111796549626476,2.254048227123405,0.0375918575481101,-0.4005171984183085
259.1113051596976,0.402580486599585,0.1438513872874372,0.6613095859117328,0.3006326461635252,2.0437976002602856
-36.703055558852974,-0.1931736256234355,-0.953204741620931,0.56685749037406,-0.7866234471536585,0.8202301566521567
-322.55110494693577,-0.7982061441053359,0.1440483538897131,-1.7404606421003848,-0.1445995619234761,-2.3513135208863143
343.9260149603056,1.0745194814056935,2.4033808598544,-0.2543418970430128,-0.3174150288109137,0.5952260919839599
-209.81146906341576,-1.080461565645732,-1.8039189897795085,-0.3570041415119558,-1.5036483809816596,0.2419628822721713
74.05489628131365,0.9128280773093924,-0.8094952022830635,2.6351513569018485,0.5377302523801185,-2.2301551981520777
170.57737777310777,1.1871413038906828,1.3879535967831704,0.9863290109981953,1.0688740200892206,-1.0901690544376414
-101.60185845727962,-0.1847752352619099,0.093184067614709,-0.4627345381385288,-0.2693573742055197,-0.020133680996865
-61.33949381156207,0.0731622440666138,0.8589968922210721,-0.7126724040878445,0.1412886264179176,-0.9641351925727322
309.068305322543,1.3312773111605796,1.4919386871393077,1.1706159351818513,-0.4378767632267821,-0.6215907456880914
0.0131068302451916,0.4176292078123737,-0.8791823274043179,1.7144407430290654,-0.2839367023850528,-1.1561186480138947
-177.03463407800123,-1.3813598418988355,-1.41129844705206,-1.351421236745611,0.4243970834154126,0.9717771442547054
-88.18005358843371,-0.7210567504041459,-1.2067878635279354,-0.2353256372803563,1.1368901603049877,0.5762488658460597
201.2017270609,0.5419331353090913,1.269873749689272,-0.1860074790710894,1.2408747838130398,-2.4815266488706894e-05
243.6061705239556,-0.0572255993180851,0.6853975444213007,-0.799848743057471,0.4843203327761707,1.0514681373713786
175.01045450860366,0.7731461646739123,-0.2335324620418428,1.7798247913896674,0.0830455891389387,0.0450308192342096
57.13953202233576,-0.4091728163413198,0.4275473960623115,-1.2458930287449512,1.2147906593707982,1.0734135679867565
20.46629808509276,0.0104510523285495,-1.518086051148076,1.5389881558051752,0.3953202146052519,-0.1185725854873768
-73.50298242313836,0.0447073449820092,-0.2866975660442295,0.376112256008248,-0.1173299691887712,-0.2169950298607402
234.20939792621027,1.2190917265507564,1.397404846344129,1.0407786067573837,-0.6119401784908249,0.4991757306222589
-15.994671380773054,0.6956030089860188,0.4873416895834555,0.903864328388582,-0.573694367914384,-2.044025604111367
-66.44845600729973,-0.2330980859372201,0.9886107845747516,-1.454806956449192,-0.0909054366187696,-0.3177354175293935
154.88225736385016,-0.1609402582855568,-1.327539934107174,1.0056594175360605,0.845338736773991,0.6702900989132146
-71.4692070929038,-0.4891236398144035,0.829997603972225,-1.808244883601032,-0.4539328903122867,-0.1276832851895902
-165.29459537210695,-0.2304010211209447,-0.7291564834832405,0.268354441241351,0.8576173046922411,-0.575864123250288
-354.4011695153892,-2.091394196706565,-1.217930773987555,-2.9648576194255742,1.23092342767014,-2.005202703335518
47.79268009634432,0.7129485755543841,1.2005087989202707,0.2253883521884973,-0.4824432871178014,-0.7764132523841571
-136.80083734716175,-0.5649057384292148,-1.1273078954908018,-0.0025035813676278,-0.1396308659682163,-0.1014959783242342
40.6467137842666,0.0785838621758604,0.5110231006765189,-0.3538553763247981,-0.1751495150630405,0.1359473730241914
-256.5693567415175,-0.6376157021605352,-0.8004533884749261,-0.4747780158461444,-0.1131510875423241,-0.0089262916383166
193.62634835607224,0.9549655285294288,0.9161761813567272,0.9937548757021304,0.5922516449166468,-1.2214125671747156
-72.52678015899187,-0.0140754645731282,0.0884667774184175,-0.116617706564674,0.5419426980213605,-1.374106051594049
-235.8831390933538,-0.6489883838735588,-0.279174440600096,-1.0188023271470217,-0.7847609894568888,-1.933666426299762
81.5909190765469,-0.0140305958439248,0.1887149412399905,-0.2167761329278402,-0.5672365570813133,1.5953262719238346
92.50883837112274,0.1709283992867926,-0.7785856205844244,1.1204424191580096,1.258885068571402,-0.1122913578248203
-264.7202466653254,-1.353567158148553,-0.9510616867279352,-1.7560726295691709,-0.3203444904874944,0.3677270025047551
-110.05433200286087,-0.064677540608427,-0.0829741194056579,-0.0463809618111963,-1.733208612739953,-0.142941191230976
-97.57394031046366,-0.5229407984924241,-0.745789329178461,-0.3000922678063872,-0.3390458399293425,0.3178814687995964
-13.833992314622195,0.5492022678202049,1.3039436854213695,-0.2055391497809597,0.0449942975048319,-1.414105105493307
-35.7773394025526,0.6012692868314551,1.20317498047134,-0.0006364068084299,-1.0132172922936131,0.0036945664873564
166.17513958183275,0.7010433091992734,-0.7607442276299295,2.162830846028476,0.3330422343605725,-0.0727566446977647
-50.13486410816013,-0.6034949174873231,-0.6603864297798946,-0.5466034051947516,0.7153969253574936,-0.551454910965396
-340.17983608560445,-0.9748026294019811,-2.006854288580067,0.0572490297761047,-1.966248829423624,0.5391207443645002
59.49446814041063,0.1460613403873537,0.8727314171272754,-0.580608736352568,-0.8808218638310026,1.6225274199921065
68.94352689213693,0.5503004040234986,-0.6163841352730262,1.7169849433200233,-0.0928368615587998,-0.2680289387362938
-99.08211890277688,0.247798708508323,0.5358141848798218,-0.0402167678631756,0.3027952842176578,-1.269213154820827
-74.81854916657008,-0.6865058878813886,-1.025007021860756,-0.3480047539020211,-0.8220284508395297,1.1887645745902256
35.73824043251534,-0.3226594939668382,-0.0612180938917688,-0.5841008940419077,0.4673440314378136,0.4879576414912137
113.7871592195768,1.1567053988015643,1.03548409846661,1.2779266991365184,0.6351515725929509,-0.4744137007452145
2.868551517273505,-0.219811186274236,-0.0427161617518401,-0.396906210796632,-1.3051216226688351,0.5045388074536569
-28.32868453216817,-0.5731328210344111,-0.8844118301274243,-0.2618538119413978,1.2096029194467008,-0.0992154735829861
-86.69845631005448,-0.5361909034162946,-0.6536799120201441,-0.4187018948124451,0.9091349677840576,-1.2792487906846122
-20.72415615497492,-1.1737265788727216,-2.5580218929308507,0.2105687351854076,2.3045607153244765,0.2508689936024017
58.94438136764668,0.2772177627496157,-1.3709103676378995,1.925345893137131,1.674342451753559,-0.7909735461448716
161.44274873244336,0.6840316260611601,1.3596284372311245,0.0084348148911956,0.6760039596558841,0.3736727780338204
42.75677355721261,0.478625053217662,1.1194746467964587,-0.1622245403611346,-0.4038153459296157,-0.3280777946168522
212.3500776091824,0.0659077509332202,0.5140868223434929,-0.3822713204770525,0.6539874887073986,0.8982176198911551
-380.2441770067927,-1.2684757344758952,-2.328780693817312,-0.2081707751344785,-0.428774701316128,-0.1895514406415832
-91.19252931505962,-0.6060369284555556,-2.0608513961050083,0.8487775391938973,0.0001081483281356,0.4761671253039307
-25.636734361354865,-0.4812502365999145,0.4019676749219147,-1.3644681481217438,-0.967987368007808,-0.6294994569697487
-180.9013298678454,-0.0549553440225895,-0.8442069307988975,0.7342962427537185,-1.2832872045535504,-0.348098592904827
163.75622599079128,0.4261753288403074,1.3265355601458242,-0.4741849024652094,0.1078671830619171,0.9726290524487182
-135.27904241176108,0.2038884188753565,0.5436130641768061,-0.135836226426093,-0.942443541743066,-2.1442607355413617
83.96778365890914,-0.1086048385741587,1.601510110091121,-1.8187197872394385,0.9956585141547544,-0.1325729545415868
-255.8615285256652,-0.447093430223726,-0.851454611810645,-0.0427322486368071,-0.7712183057455799,-1.139876349800805
84.43136015682485,0.427868268916281,-1.4142973987362046,2.2700339365687667,-0.888081496518237,0.1264028565130607
110.6674707373098,0.1754874918142788,0.6576749820327763,-0.3066999984042186,0.2198860528737772,-0.7449543605757208
-99.40020637317124,-1.0441343143570134,-1.8942964937624351,-0.1939721349515919,0.8346038446018544,0.824819863526157
137.91111017884154,-0.1429718041145427,-0.1218535053459391,-0.1640901028831463,1.9356299949347773,1.4709056062589685
108.60447685518616,-0.011111468285892,1.6267676584710868,-1.648990595042871,1.0314875054636403,-0.7708247894934771
-182.11810201214885,-0.5257635552416983,-0.9266335039726667,-0.1248936065107297,-1.195375004514154,0.0107619954051161
-120.40322097501888,-1.5675885495162571,-1.936755141247596,-1.198421957784918,1.1461143908774651,1.14949454443675
128.6429196618331,0.5496565461827254,0.5073817370402268,0.591931355325224,-0.5201763678529675,0.9716792640680024
-33.86371047328098,-0.0252605221990263,1.0500128685541803,-1.100533912952233,-1.131689468558668,-1.4509189828203934
-158.5778081351653,-0.7112584491341556,-1.09462670126095,-0.3278901970073611,-1.3275591425335127,0.3929221734063943
239.1526443273096,0.9096832058462008,0.1686396078203919,1.6507268038720095,0.1460821631740061,-0.1168235071406651
4.855412685636581,0.25760647323794,-1.0378631928655182,1.5530761393413983,-0.2568643426574502,-0.5940922275175277
258.1548953974324,0.7886870576824663,0.8416615585932226,0.7357125567717101,1.343434967822521,1.3108303346829695
-162.66862991166568,-1.2991406356927555,-1.4260931842537954,-1.172188087131716,0.2977072497265748,-0.1736199242520222
351.64555857481366,1.1158856172640186,0.8877427854594567,1.3440284490685803,1.466147780743467,1.512849698183953
-115.65373521915168,0.2439317436030674,-1.590235326138937,2.078098813345072,-1.145083414863616,-0.4618584254791749
-131.05264547281226,-0.2755283691272644,0.7186110561459842,-1.269667794400513,-1.1424775543169412,0.2198562096823233
-86.68142633083458,0.0437027018215861,-0.0458889250960852,0.1332943287392574,1.1703264190811136,-0.1264919821543715
-87.87638214390215,-0.0896811674694378,-0.279416399190294,0.1000540642514182,0.4164457028621625,0.0354135214643693
160.85491352691244,0.0790413613441489,0.0924568113419857,0.0656259113463121,0.5800616790938816,1.050449986121112
15.312067420336152,0.7979214735633762,1.6513805811305418,-0.0555376340037895,-0.7411963400293957,-0.372332610492018
17.397537668311838,-0.5406285156068347,-0.8097604591194297,-0.2714965720942397,0.0514235637179534,0.3356121755815144
-100.28315929471648,-0.4625811575099179,-0.8625474502851294,-0.0626148647347065,0.8962167039249116,0.458275217547712
-269.0083023935464,-1.3982703016413494,-0.7377973783515838,-2.058743224931115,-1.2447719199352094,-0.0152394807640435
282.2815953384552,0.801236081185829,0.5973116002773753,1.0051605620942827,0.6431454432015028,1.1550892761976808
-278.3139749749513,-1.4087268139566065,-1.3324378299577246,-1.4850157979554877,-0.2067941854117895,-0.5555538331482386
-48.66118478561899,-0.4922395236685241,-0.2650248962458208,-0.7194541510912273,-1.588854636274704,1.2081719012887622
21.84156185949666,0.2942275478781871,0.2600179815670219,0.3284371141893524,0.225176753768017,-2.0641288478686044
-13.891920356762023,-0.4990269496675683,-1.2684476651481222,0.2703937658129857,0.910414082460488,1.7862505090322915
153.43177636733117,0.7675955622341348,0.735102387622355,0.8000887368459147,0.596168677735616,0.0067246338582907
-75.86877717502428,-0.4298287602661962,-0.3152032242736354,-0.5444542962587571,-1.4941822330648975,0.4834464415517908
-269.15288108224416,-0.5218412793867262,-1.4962847402897286,0.4526021815162763,-0.1382892481099885,-2.887507943572783
137.0842158856271,0.0104969972333054,0.4876798637902475,-0.4666858693236367,0.3212020032278146,0.7481331740398777
174.62497453902628,0.5061070288396826,0.1334075149859507,0.8788065426934146,1.308111578325555,-0.9464645540389812
-49.73796649179779,-0.0871279006692572,-0.5674308175595598,0.3931750162210453,0.0453033477060468,-0.4615065520848465
1.9319809840090785,0.4201130020345521,-1.26441476377532,2.1046407678444243,-0.5170064655180167,-0.3245143931562229
257.8715299845625,1.2351944984286305,0.6034248786205191,1.8669641182367416,-0.1170214218540898,-0.3364064179103405
61.39012501083912,0.5886335772881159,1.4868340675078893,-0.3095669129316575,-0.6667028506339421,-0.6379434361012456
-203.7134724907704,-0.1264808829624848,0.2410959956969197,-0.4940577616218894,-2.003812282338004,0.7723987037691636
-295.52518165961743,-0.5705100932672456,-0.9724977082664586,-0.1685224782680324,-2.4567365934120065,-0.1727860265124525
108.85891368547888,0.4287654186722566,0.9278059640379832,-0.07027512669347,0.2160848131989501,0.0403726098080727
8.834302137048747,0.5106487708030644,0.1184995978600955,0.9027979437460332,-0.4538604574481485,-0.7290423761405929
-10.964571688031418,-0.3884327474529613,0.0052225922294715,-0.7820880871353942,0.5223488141359385,-0.7242258685709799
-90.1621375446794,-0.3926787016430445,-0.5845677966611231,-0.2007896066249659,0.3709588169095073,0.7392451015031796
70.8994544194214,0.5161195146250349,0.1823081185682508,0.849930910681819,-0.2551080247855208,0.6523504419648685
156.50496347733,0.4140739920817518,-0.8887472612359844,1.716895245399488,0.6303216222089917,-0.3827706065727907
-100.02213351342216,-0.5711971236277689,0.639275572581314,-1.7816698198368517,0.0603834629133775,-0.3522942423146673
-42.92435600351215,-0.1277374382956333,-0.5126935179658075,0.2572186413745408,0.3842840072684679,0.6722759586087436
-117.9927818789366,0.4953378034940555,-0.5035200581403759,1.494195665128487,-0.9995003311988578,-1.5124090620380997
-75.65593714526733,-0.272361354582127,-0.1569961757085463,-0.3877265334557079,-0.164823624714089,-0.94496442377956
-130.01371099330825,-0.6682479636891738,-0.5987057322259273,-0.7377901951524204,0.7065291673928046,0.8347030545591643
60.095778073189344,0.7310725812433612,0.4608649839317361,1.0012801785549863,-0.4176292956196293,-0.3733076548461214
-48.61574006882541,-0.0932619686794887,-0.7478607300334036,0.561336792674426,1.5295033281312416,-0.6624950675501741
12.053693620539866,-0.0625337358466598,0.3068706926209303,-0.4319381643142501,0.0094739294816113,0.8423477205124794
11.396421955750396,0.3963771978602654,0.5330206929151358,0.2597337028053951,-0.2267642190494428,0.0638755866755534
-10.213645431021485,-0.503907848500995,-0.7678286151470987,-0.2399870818548914,1.5196154810672848,-1.116113556295865
64.56050676912136,0.289137928097511,0.8898479539543893,-0.3115720977593672,-1.805901838723692,1.70010387686545
101.08031616181025,-0.2244858385399381,-0.6159320331960378,0.1669603561161616,0.2452221302374623,2.651799188942788
-33.72200374383891,0.1167181886631777,0.4311698720526418,-0.1977334947262863,0.4349965074866128,0.1612790868502409
142.43795179277657,0.9116948183421394,0.2825366722968171,1.5408529643874616,0.55186170284511,-0.3891736322752613
175.7373992806517,0.4011611820842921,0.02788536346615,0.7744370007024342,-0.0379579530959746,0.6133364246658409
27.857175265552176,-0.4094832985552978,0.0144826316106485,-0.8334492287212442,-0.8867069015120513,0.9513753766949528
20.201087631201883,0.3284842695156279,-0.3560163352593009,1.0129848742905567,-0.7108197861068473,-0.507259048286001
-126.15493174416385,-0.1156934378033508,0.1829847233406019,-0.4143715989473035,0.6918475153900698,-1.639240711228365
-126.95217579921108,-0.8749730470237366,0.0798318716298446,-1.8297779656773177,-1.5042692020401105,1.1289367614950496
-72.66136903707235,0.2944509600953339,1.9655898766352924,-1.3766879564446246,-0.580827160624358,-0.2088314790196524
-57.3497098254227,-0.0266353392387126,-0.2968465587460639,0.2435758802686386,-0.1955912297375913,-0.4750262993792242
-312.95601759048594,-1.205095545528616,-2.252564497348597,-0.1576265937086353,0.1897731170016083,0.7055019429016226
-58.379474107815,-0.136009577317531,-0.5979045750830431,0.3258854204479811,0.8549626918632519,-0.8730970698970616
21.120070605887857,-0.1234005069745798,0.6043639083433777,-0.8511649222925374,0.9246010487601496,0.1625980190756755
-288.2123207244261,-0.8974618747109411,-1.468206324003765,-0.3267174254181172,-1.830451719189517,-0.2928745759271227
-0.0819410902620583,0.1187135536166139,0.6041662533067795,-0.3667391460735517,0.2046014242874851,-0.7224757591389863
207.19396335242303,0.9096500772590328,1.5021298172565092,0.3171703372615564,1.311709814513524,0.149281647845392
-213.9987996218988,-1.0073435798751258,-1.0790232242357565,-0.9356639355144952,-0.6940669119527991,-0.3353609244027966
157.50431530431925,0.3224038556563356,0.6147406295738974,0.0300670817387738,-0.2071816771862039,1.5788742470738537
1.3336071083558696,0.3445634811377792,0.3873571689940068,0.3017697932815517,0.0015360705579499,-2.044353141117513
-68.5710555901146,0.1503585622159993,0.5585364103268622,-0.2578192858948635,-2.038292764937665,-0.2660112514449753
-50.40545059698783,-1.2057194770510216,0.036782616072069,-2.448221570174112,0.455481758527744,1.4448842514123053
188.9328884248384,0.8082937175770853,1.939987400549304,-0.3233999653951334,-0.3031421341464943,0.3130065396489385
-136.20428260369647,-0.2036835487020298,0.9620163131363024,-1.3693834105403622,0.5598006504362387,-1.4777842464107354
312.6811071208061,1.0594969105320606,1.4734400805226822,0.6455537405414393,1.4032842812234652,0.0212697199303978
-132.49491435780365,-0.4575059778422982,-0.4950512047604361,-0.4199607509241602,-1.2020885686342426,-0.4960868386900937
347.3329192540888,1.7759152634196829,2.043847570506056,1.5079829563333098,2.1789175009556607,-1.05255514718027
-126.13810758354686,-0.6303216690590496,-0.4416417008379679,-0.8190016372801313,-2.528325455754952,1.0635894058583308
-333.73609269620727,-1.0421502172826165,-1.309960583859134,-0.7743398507060989,0.4455942931733441,-1.6486915812694167
-50.97699122934486,-0.3760838453585324,0.4033196841737291,-1.155487374890794,0.4269739608201567,0.9815256558570914
-13.2185186782318,-0.4888379509521116,0.0984679962812562,-1.0761438981854794,0.8506164434336946,0.7199620294009131
-186.2123555213359,-0.7012092097137853,0.0882860636718163,-1.490704483099387,-0.1054721147557,-0.3695636875010854
217.9533530542174,0.5848572705725384,0.8144617512421292,0.3552527899029477,-0.4651352861841585,1.614272986764168
132.93207860570286,0.1265401126091442,0.5221940369995876,-0.2691138117812992,0.2452889196383754,1.587620724079351
-5.091330442775099,-0.0729580186996134,-0.2545984635356714,0.1086824261364446,-0.6431557536558331,0.4110724435127226
61.31082490175902,-0.323621507220479,0.3045377964264079,-0.951780810867366,-0.5945433523981757,1.6877009610896505
-211.57423079881733,-0.7779401195564807,-0.7442846966524589,-0.8115955424605025,-0.1464978724259055,-0.4403325916791687
-106.73140121642068,-0.6891223962949372,-0.9617254350211596,-0.4165193575687148,0.8404540652904005,-1.7257915548789058
-11.964494232980035,-0.4943352282425639,-2.0622373680155888,1.073566911530461,0.8790618314752044,0.2183526353689155
148.181447042707,0.0829165896392779,1.2556356686256869,-1.089802489347131,-0.7997789752582309,-0.4939366868399054
-212.331972195422,-0.4587509125969057,-0.0099451845634931,-0.9075566406303184,0.3008672178832844,-1.9727756789032391
254.76843445771013,1.4248507776005737,0.9926452867854424,1.857056268415705,0.141954138164211,-0.0646202898288689
-134.42359187957365,-0.6204237452173552,-2.006145680819372,0.7652981903846616,-1.0769433705012137,0.1477518380638478
259.97561406106905,0.8327695316873895,1.062074787341147,0.6034642760336323,-0.4364514163869599,0.573749649298105
-82.33588695739458,0.0239888097111044,-0.4462700191880957,0.4942476386103046,-0.0346631056593896,-0.4752885499643287
22.18224227372361,0.2550366682832802,0.1748643716312807,0.3352089649352798,-0.3516822992757535,0.3641811315778223
-120.03184335134722,0.0460226628482408,-0.5629307962786876,0.6549761219751692,-0.6855997171609362,-0.7262694704617748
123.13156855430246,1.73673750589218,1.484188280983897,1.9892867308004631,-0.6930151573146841,-1.226525598059531
13.87656000049171,-0.2401136366879417,-0.1246439821731112,-0.3555832912027722,-0.1765197073894348,0.4007103041627874
92.54835812707915,0.1129687366894378,-0.1223617192169412,0.3482991925958168,0.8757979917203814,-0.2797365063447205
-134.9921888078829,-0.7214346308201253,-0.8820938337892086,-0.560775427851042,-1.8763270456823544,1.7702357808493316
-58.19935523277461,-0.1644178792781933,-0.7822245753049865,0.4533888167485999,0.0843642128116291,0.1032926295228436
54.46296726165361,0.2121079699011529,0.4299128003374378,-0.0056968605351319,-1.404220086116814,-0.079979034105638
157.27272041999294,0.1278397542337494,0.2599473188881669,-0.004267810420668,1.5791496201360833,-1.4399881030721282
-154.87337764993913,-1.2677296833915277,-1.219485289775211,-1.315974077007844,0.3959900565124473,0.6765545837219509
-39.58553966826279,0.0906917034030017,-1.3569043591554852,1.5382877659614886,-0.7352270709118539,0.5731602483616426
35.693136545102234,0.080492516148493,0.8759245164341266,-0.7149394841371405,0.103491746971888,-0.5331654773483733
-168.65928099510717,-0.4012947242271512,0.7496472020236209,-1.5522366504779233,-1.746541147135993,0.8633051949202788
-165.95900907477792,-1.019228269669151,-0.7513696714187466,-1.2870868679195553,0.42320335438435,0.5145231067938778
-185.31549598826257,-0.8909724115334259,-0.9917597366856056,-0.7901850863812463,0.5427029513385243,-0.8829089406657867
-112.38693782862632,0.210407112028193,-1.0123169784775496,1.4331312025339358,-1.738357687174313,-1.1561825720040386
117.78272255631832,0.0577143183050879,0.1075304766578615,0.0078981599523143,0.1032932932139937,2.202117067085326
-157.5916533047761,-0.1851030134651297,0.48031994367485,-0.8505259706051094,-1.601583624604555,0.1138115725172218
-76.4088384620805,0.3205582234746191,1.7832327646081392,-1.1421163176589009,-1.2140656955297229,-0.4450642906431619
117.93822118743552,1.7324503907729352,2.780088708981085,0.6848120725647853,-0.4619705245806426,-0.8301651236471224
-153.1541642059887,-0.5744747614542591,-1.185883253124701,0.0369337302161828,-0.5292220124424686,0.3049477620327915
272.56019612009004,1.6453658748506037,2.0037382744923464,1.2869934752088603,0.8878500791924694,-1.553960369065849
199.59310692282352,-0.0225379469711679,1.4144832416279496,-1.4595591355702855,2.303649892833446,0.5376679279208791
88.64724551184226,0.3993334199971059,-0.1956441150174622,0.994310955011674,1.30166225381008,-0.821524651009304
-87.89801201420642,-0.6811217383416919,-1.3151559762827634,-0.0470875004006203,0.2404853579053012,0.6264022516099618
53.89039830142802,0.032302313597243,-0.8847652989588484,0.9493699261533344,-0.4545850861206534,0.1379822351741033
-126.63710820595162,-0.9127191656530412,-1.5182822572215384,-0.3071560740845439,0.7638270217571586,0.7200830631558897
-78.46290945145907,-0.6679248894677445,-0.2768490409049841,-1.059000738030505,-1.642793219694347,2.2070833316892275
-108.57156778550392,-0.5799058967931624,-0.4756008705662293,-0.6842109230200956,0.1923092211159419,-1.095317678530931
-118.41163185724514,0.4119150854452335,0.8336556528806861,-0.0098254819902192,-2.1938822368060498,0.0106159702397278
-156.03882805770257,-0.2113299647855421,0.9318141340730252,-1.3544740636441095,-0.4458934061438944,-0.4278630758125984
-85.9161477715604,0.2310789822120226,0.1406576283616417,0.3215003360624035,-1.9463736960624465,-0.162131979215282
-87.70674355547867,-0.4338466387223791,-0.6513752903559628,-0.2163179870887955,-0.3208471316046611,-0.2062643648604283
229.95863237014524,1.2593271298585598,0.5590757863920257,1.959578473325094,0.0622856411224186,-0.3358000513795955
-40.58015296318767,0.6244691235513268,0.1433825419087467,1.105555705193907,-0.6775309750456228,-0.3016997650801287
-45.6735810859129,-0.3782989431104732,-0.0785231832135085,-0.6780747030074379,0.1851578907865757,0.9560422567108372
-281.8387793814614,-0.994134700062109,-0.960026201246647,-1.028243198877571,0.4528320195026596,-0.9412642927745012
-137.10765225987078,-0.4687810103500106,-0.3080239959007841,-0.6295380247992372,-0.6857396425130975,-0.08400486064958
-47.549771032754606,-0.0258937697418662,0.1846890592084761,-0.2364765986922085,0.3337413750202054,-0.4186911683195594
-190.49840728499308,-1.464891612867064,-2.18396818865397,-0.7458150370801582,0.0388100620081663,0.5793988810857458
-56.087015920663625,-0.0084321671333639,0.2025839113351409,-0.2194482456018688,-0.2875331518483612,-0.6333085659283535
301.3911268752999,1.3241935185224505,0.9559769876383594,1.6924100494065415,1.7358836261892103,-0.5818782899574512
224.4626090198652,0.5873532194437939,0.0696536349141468,1.105052803973441,1.6755040698689008,-1.0482007812859675
-110.11388798143943,0.3064476262192017,0.1613753961484932,0.4515198562899102,-0.5232644250087729,-0.7901570668047276
104.89825573556796,-0.1442048803258445,0.6211429876639957,-0.9095527483156848,-0.6403734618294412,1.0917276549369384
-154.69513827687632,-0.5247341835287139,-0.7684023258437225,-0.2810660412137054,-0.7118046165568641,0.099853510786368
-276.975545942771,-1.182111903483874,-0.3215716902924352,-2.042652116675313,-1.948880389460211,0.4907770097311696
208.176026371547,1.2387579963379065,1.020876474456078,1.4566395182197345,-0.993719491355574,-0.4627379260718832
118.98894041873857,0.2832805696958116,0.192223736468451,0.3743374029231723,0.0535445947242094,0.0443063756106294
56.87003162772426,0.3415334855764496,-0.5070641954155045,1.1901311665684038,-0.4163716031252955,-0.8228597702161242
-72.19608601001384,-0.3486794891739995,0.2410796845144225,-0.9384386628624216,-1.069605393030112,-0.5430309023682116
-219.00966488197355,-1.837109817197227,-2.049896682034899,-1.624322952359555,0.386451346975087,0.6568670609552691
93.05374671869396,0.0650456084710369,-0.4007659894767285,0.5308572064188024,0.5054213839425781,0.2896276538613083
-123.26005478251402,-0.9307123257011424,-0.6747540202678414,-1.186670631134443,0.7678913926043336,-0.4726890461628854
182.87567340154024,1.6892972594560347,2.0954346711001444,1.2831598478119253,2.175348240999451,-2.3256129703597974
-62.93230627511916,-0.3953534013965801,0.1609987554912494,-0.9517055582844096,0.1164557528469944,0.1726060204135632
-112.642301247417,-0.0056358638187422,1.055630914826638,-1.0669026424641226,-0.1328857752481918,-0.453810585008885
71.51385455611386,1.1164246163316878,0.4263201042275533,1.8065291284358225,-1.3547502071749984,0.3782330319294511
18.117836231757305,0.3680656485574638,-0.80325374545848,1.5393850425734077,-1.9129713849625565,0.5857142627197857
42.84597933565057,-0.0582062680180052,-0.0525539357542676,-0.0638586002817428,-1.0070508800812903,1.6030057183314703
281.3848011989217,0.3508808172507065,1.1959461177727932,-0.4941844832713802,0.7812493787700144,0.2096821861188479
357.8703850072417,0.8199379154992545,-0.1030036169200383,1.7428794479185474,0.9324157768762468,1.2302403600902578
-485.9141050124232,-0.7220460589141302,-1.4702878616072776,0.0261957437790173,-0.7647126778249801,-1.0061557215121069
152.85340681907655,0.1980093135584742,-0.8942240811810583,1.2902427082980068,0.8393631135559447,2.1242394651045857
-321.4294926816029,-0.949020663507136,-1.8374943974475888,-0.0605469295666831,-0.7192262205069249,-1.3259606773621218
-326.18914681476,-1.0369938751251713,-1.6750825146998192,-0.3989052355505233,-1.549988575809227,0.2232022417293917
165.66439957453707,-0.2640549701461071,-0.7012842540785366,0.1731743137863223,0.5509668131900952,0.3890759814882912
212.20582505896223,0.6859585102093513,1.7428153179737398,-0.3708982975550373,-0.1259495395186298,0.4151226199307803
86.89305798599744,-0.0853283622567467,-0.4558050795318752,0.2851483550183818,-0.0632718170284496,0.8426089019878833
23.648715554610472,-0.3869820308784276,-0.4078717737526509,-0.3660922880042044,0.3838252018309522,1.456620706271007
49.96384616411235,0.5879632036422966,1.8158527920436751,-0.6399263847590819,-0.6096682235107617,-0.049425838710282
99.90782084102796,-0.0883749355565399,-0.3238402128802392,0.1470903417671592,0.6981913190744875,0.8466679356756106
-113.95302426867924,-0.3569616202289193,-0.6849520444894949,-0.0289711959683439,-0.8954947865582004,0.7449527204118833
-33.73806798270881,-0.0364078984841825,-0.17439704592785,0.1015812489594849,-1.9191195532334813,0.2291560086210891
-37.987640390422186,-0.0445649769336018,-0.0684559555018863,-0.0206739983653173,-0.0361906160554793,0.0959983606278204
331.0938284428421,1.530914283291168,1.7861817903596469,1.2756467762226893,0.0145516397387069,-0.3765346017202869
47.01202858958018,-0.6385456130883168,-0.5455216910748261,-0.7315695351018076,0.7535750807256617,1.0770925711985908
50.47574545676234,0.4101454217066625,0.5196081015431188,0.3006827418702064,0.6402291243683683,-2.229928156538387
234.8751390667443,1.5962675218398248,1.7841607833012267,1.408374260378423,-1.093982392790894,-1.5387283836154309
-47.64562498749671,0.6682506975307024,0.8403728806564147,0.4961285144049902,-0.9001886669155456,-0.5445235793361775
-97.82361205953347,-0.2764508396644187,0.2206295869765225,-0.77353126630536,-0.987550572970914,-0.0247666818365793
18.574557049952336,0.0332344839874084,-0.1954783347981695,0.2619473027729864,-0.348164064458441,0.0538569227524654
318.1997555600896,1.2879872152806895,1.7227441819123708,0.8532302486490084,-0.0030368417587578,-0.8624684616270815
160.5665047660042,0.9556367873755288,1.6378488276001866,0.2734247471508712,-0.304192229607275,0.3716187111307507
